installer,opcode,handler,engine_va,patch_len,handler_prior_va,handler_rva,handler_current_va
FUN_52dc32900,E9_jmp,&LAB_52d881d0,0x00619445,5,0x52D881D0,0x009CA190,0x78E4A190
FUN_52dc32900,E9_jmp,&LAB_52d881c0,0x00777489,5,0x52D881C0,0x009CA180,0x78E4A180
FUN_52dc32900,E9_jmp,&LAB_52d881b0,0x00773A9D,5,0x52D881B0,0x009CA170,0x78E4A170
FUN_52dc32400,E8_call,&LAB_52d88190,0x0077624D,5,0x52D88190,0x009CA150,0x78E4A150
FUN_52dc32400,E8_call,&LAB_52d88190,0x00776348,5,0x52D88190,0x009CA150,0x78E4A150
FUN_52dc32400,E8_call,&LAB_52d88190,0x0077A029,5,0x52D88190,0x009CA150,0x78E4A150
FUN_52dc32400,E8_call,&LAB_52d88180,0x00777350,5,0x52D88180,0x009CA140,0x78E4A140
FUN_52dc32400,E8_call,&LAB_52d88180,0x00787497,5,0x52D88180,0x009CA140,0x78E4A140
FUN_52dc32900,E9_jmp,&LAB_52d881a0,0x00719F5C,6,0x52D881A0,0x009CA160,0x78E4A160
FUN_52dc32900,E9_jmp,&LAB_52d884f0,0x00542C6E,11,0x52D884F0,0x009CA4B0,0x78E4A4B0
FUN_52dc32900,E9_jmp,&LAB_52d884d0,0x00542B1A,11,0x52D884D0,0x009CA490,0x78E4A490
FUN_52dc32400,E8_call,&LAB_52d87e50,0x00643E9B,5,0x52D87E50,0x009C9E10,0x78E49E10
FUN_52dc32900,E9_jmp,&LAB_52d884a0,0x006EE19C,30,0x52D884A0,0x009CA460,0x78E4A460
FUN_52dc32900,E9_jmp,&LAB_52d88470,0x006EDD29,30,0x52D88470,0x009CA430,0x78E4A430
FUN_52dc32900,E9_jmp,&LAB_52d88170,0x0071E25C,8,0x52D88170,0x009CA130,0x78E4A130
FUN_52dc32900,E9_jmp,&LAB_52d88150,0x00720D9D,10,0x52D88150,0x009CA110,0x78E4A110
FUN_52dc32900,E9_jmp,&LAB_52d88140,0x007206B4,5,0x52D88140,0x009CA100,0x78E4A100
FUN_52dc32900,E9_jmp,&LAB_52d88120,0x0045B93A,7,0x52D88120,0x009CA0E0,0x78E4A0E0
FUN_52dc32900,E9_jmp,&LAB_52d88040,0x004D42EB,10,0x52D88040,0x009CA000,0x78E4A000
FUN_52dc32900,E9_jmp,&LAB_52d88020,0x004D429E,10,0x52D88020,0x009C9FE0,0x78E49FE0
FUN_52dc32900,E9_jmp,&LAB_52d88000,0x004D42C7,10,0x52D88000,0x009C9FC0,0x78E49FC0
FUN_52dc32400,E8_call,FUN_52d87fe0,0x0043D828,5,0x52D87FE0,0x009C9FA0,0x78E49FA0
FUN_52dc32400,E8_call,FUN_52d87fc0,0x0043F612,5,0x52D87FC0,0x009C9F80,0x78E49F80
FUN_52dc32400,E8_call,FUN_52d87fa0,0x00446BF9,5,0x52D87FA0,0x009C9F60,0x78E49F60
FUN_52dc32400,E8_call,FUN_52d87f80,0x004A154D,5,0x52D87F80,0x009C9F40,0x78E49F40
FUN_52dc32400,E8_call,FUN_52d87f60,0x00561206,5,0x52D87F60,0x009C9F20,0x78E49F20
FUN_52dc32400,E8_call,FUN_52d87df0,0x007BCBDB,5,0x52D87DF0,0x009C9DB0,0x78E49DB0
FUN_52dc32400,E8_call,FUN_52d8bc20,0x004D7939,5,0x52D8BC20,0x009CDBE0,0x78E4DBE0
FUN_52dc32900,E9_jmp,&LAB_52d8bc00,0x004D78ED,10,0x52D8BC00,0x009CDBC0,0x78E4DBC0
FUN_52dc32400,E8_call,FUN_52d8ba30,0x004D7947,5,0x52D8BA30,0x009CD9F0,0x78E4D9F0
FUN_52dc32900,E9_jmp,&LAB_52d8ba10,0x004D790A,5,0x52D8BA10,0x009CD9D0,0x78E4D9D0
FUN_52dc32400,E8_call,FUN_52d8c980,0x006D794D,5,0x52D8C980,0x009CE940,0x78E4E940
FUN_52dc32400,E8_call,FUN_52d8cb90,0x0073FF92,5,0x52D8CB90,0x009CEB50,0x78E4EB50
FUN_52dc32400,E8_call,FUN_52d8cca0,0x006DAA37,5,0x52D8CCA0,0x009CEC60,0x78E4EC60
FUN_52dc32400,E8_call,FUN_52d8cca0,0x006D79EE,5,0x52D8CCA0,0x009CEC60,0x78E4EC60
FUN_52dc32400,E8_call,FUN_52d8cca0,0x006DA9A4,5,0x52D8CCA0,0x009CEC60,0x78E4EC60
FUN_52dc32400,E8_call,FUN_52d8cca0,0x006D7AB6,5,0x52D8CCA0,0x009CEC60,0x78E4EC60
FUN_52dc32400,E8_call,FUN_52d8cc60,0x006D78BD,5,0x52D8CC60,0x009CEC20,0x78E4EC20
FUN_52dc32400,E8_call,FUN_52d8cc60,0x006DA5D0,5,0x52D8CC60,0x009CEC20,0x78E4EC20
FUN_52dc32900,E9_jmp,FUN_52d8d050,0x006C8DB4,7,0x52D8D050,0x009CF010,0x78E4F010
FUN_52dc32900,E9_jmp,&LAB_52d8cff0,0x006C7925,11,0x52D8CFF0,0x009CEFB0,0x78E4EFB0
FUN_52dc32900,E9_jmp,&LAB_52d8cfe0,0x006C7800,11,0x52D8CFE0,0x009CEFA0,0x78E4EFA0
FUN_52dc32400,E8_call,&LAB_52d8e5f0,0x00776150,5,0x52D8E5F0,0x009D05B0,0x78E505B0
FUN_52dc32400,E8_call,&LAB_52d8e530,0x00775F91,5,0x52D8E530,0x009D04F0,0x78E504F0
FUN_52dc32900,E9_jmp,&LAB_52d99a70,0x0068EDAC,6,0x52D99A70,0x009DBA30,0x78E5BA30
FUN_52dc32900,E9_jmp,&LAB_52d9a010,0x0080E6EF,7,0x52D9A010,0x009DBFD0,0x78E5BFD0
FUN_52dc32400,E8_call,&LAB_52d99f90,0x006B9CAB,5,0x52D99F90,0x009DBF50,0x78E5BF50
FUN_52dc32900,E9_jmp,&LAB_52d99ee0,0x006B9F80,5,0x52D99EE0,0x009DBEA0,0x78E5BEA0
FUN_52dc32400,E8_call,FUN_52d99e60,0x0080E5D6,5,0x52D99E60,0x009DBE20,0x78E5BE20
FUN_52dc32900,E9_jmp,&LAB_52d99e40,0x0080E20E,5,0x52D99E40,0x009DBE00,0x78E5BE00
FUN_52dc32900,E9_jmp,&LAB_52d99d40,0x0080E9A4,8,0x52D99D40,0x009DBD00,0x78E5BD00
FUN_52dc32900,E9_jmp,&LAB_52d99d30,0x0080E0C7,5,0x52D99D30,0x009DBCF0,0x78E5BCF0
FUN_52dc32900,E9_jmp,&LAB_52d99cf0,0x0080E412,7,0x52D99CF0,0x009DBCB0,0x78E5BCB0
FUN_52dc32400,E8_call,&LAB_52d9af80,0x005D776C,6,0x52D9AF80,0x009DCF40,0x78E5CF40
FUN_52dc32400,E8_call,FUN_52d9b0a0,0x005E4836,5,0x52D9B0A0,0x009DD060,0x78E5D060
FUN_52dc32900,E9_jmp,&LAB_52d9af50,0x005E4853,18,0x52D9AF50,0x009DCF10,0x78E5CF10
FUN_52dc32900,E9_jmp,&LAB_52d9af30,0x0086DA64,5,0x52D9AF30,0x009DCEF0,0x78E5CEF0
FUN_52dc32900,E9_jmp,&LAB_52d9abd0,0x005D7B9E,5,0x52D9ABD0,0x009DCB90,0x78E5CB90
FUN_52dc32900,E9_jmp,&LAB_52d9abb0,0x0086DB9E,13,0x52D9ABB0,0x009DCB70,0x78E5CB70
FUN_52dc32900,E9_jmp,&LAB_52d9a880,0x005E58A4,8,0x52D9A880,0x009DC840,0x78E5C840
FUN_52dc32900,E9_jmp,&LAB_52d9a860,0x005E593F,11,0x52D9A860,0x009DC820,0x78E5C820
FUN_52dc32900,E9_jmp,&LAB_52d9a6d0,0x0086DAEF,5,0x52D9A6D0,0x009DC690,0x78E5C690
FUN_52dc32900,E9_jmp,&LAB_52d9a550,0x008009F9,8,0x52D9A550,0x009DC510,0x78E5C510
FUN_52dc32400,E8_call,FUN_52d9a660,0x007932DA,5,0x52D9A660,0x009DC620,0x78E5C620
FUN_52dc32400,E8_call,FUN_52d9a4e0,0x006FEBE1,5,0x52D9A4E0,0x009DC4A0,0x78E5C4A0
FUN_52dc32400,E8_call,FUN_52d9a4c0,0x00415AA1,5,0x52D9A4C0,0x009DC480,0x78E5C480
FUN_52dc32900,E9_jmp,&LAB_52d9a470,0x0050DB04,5,0x52D9A470,0x009DC430,0x78E5C430
FUN_52dc32400,E8_call,FUN_52da5130,0x0083AE47,5,0x52DA5130,0x009E70F0,0x78E670F0
FUN_52dc32400,E8_call,FUN_52da54a0,0x005D910E,5,0x52DA54A0,0x009E7460,0x78E67460
FUN_52dc32400,E8_call,FUN_52da54a0,0x005D9F6C,5,0x52DA54A0,0x009E7460,0x78E67460
FUN_52dc32400,E8_call,FUN_52da5bd0,0x007A038B,5,0x52DA5BD0,0x009E7B90,0x78E67B90
FUN_52dc32400,E8_call,&LAB_52da5840,0x0068A0A2,5,0x52DA5840,0x009E7800,0x78E67800
FUN_52dc32400,E8_call,&LAB_52da5840,0x0068A0EE,5,0x52DA5840,0x009E7800,0x78E67800
FUN_52dc32400,E8_call,&LAB_52da5840,0x0068A151,5,0x52DA5840,0x009E7800,0x78E67800
FUN_52dc32400,E8_call,FUN_52da5e40,0x0076199E,5,0x52DA5E40,0x009E7E00,0x78E67E00
FUN_52dc32900,E9_jmp,&LAB_52da5e20,0x007619A6,13,0x52DA5E20,0x009E7DE0,0x78E67DE0
FUN_52dc32400,E8_call,FUN_52da5f60,0x007A365B,5,0x52DA5F60,0x009E7F20,0x78E67F20
FUN_52dc32400,E8_call,FUN_52da5f60,0x007A369F,5,0x52DA5F60,0x009E7F20,0x78E67F20
FUN_52dc32400,E8_call,FUN_52da5f60,0x007A36DE,5,0x52DA5F60,0x009E7F20,0x78E67F20
FUN_52dc32900,E9_jmp,&LAB_52da5f10,0x007A3BC4,5,0x52DA5F10,0x009E7ED0,0x78E67ED0
FUN_52dc32400,E8_call,FUN_52da6cd0,0x0044074E,5,0x52DA6CD0,0x009E8C90,0x78E68C90
FUN_52dc32900,E9_jmp,&LAB_52da6d70,0x0043EBEF,6,0x52DA6D70,0x009E8D30,0x78E68D30
FUN_52dc32900,E9_jmp,&LAB_52da6d40,0x0043E9BB,5,0x52DA6D40,0x009E8D00,0x78E68D00
FUN_52dc32400,E8_call,FUN_52da6e50,0x0067C4ED,5,0x52DA6E50,0x009E8E10,0x78E68E10
FUN_52dc32900,E9_jmp,&LAB_52da6e30,0x007318DD,6,0x52DA6E30,0x009E8DF0,0x78E68DF0
FUN_52dc32900,E9_jmp,&LAB_52da6e20,0x00731BAF,7,0x52DA6E20,0x009E8DE0,0x78E68DE0
FUN_52dc32900,E9_jmp,&LAB_52da7070,0x0081097E,7,0x52DA7070,0x009E9030,0x78E69030
FUN_52dc32900,E9_jmp,&LAB_52dabba0,0x008049D1,5,0x52DABBA0,0x009EDB60,0x78E6DB60
FUN_52dc32900,E9_jmp,&LAB_52dabad0,0x00802F6C,40,0x52DABAD0,0x009EDA90,0x78E6DA90
FUN_52dc32900,E9_jmp,&LAB_52dabac0,0x00802F07,40,0x52DABAC0,0x009EDA80,0x78E6DA80
FUN_52dc32900,E9_jmp,&LAB_52dabab0,0x00802F3C,40,0x52DABAB0,0x009EDA70,0x78E6DA70
FUN_52dc32400,E8_call,FUN_52db03c0,0x00800347,5,0x52DB03C0,0x009F2380,0x78E72380
FUN_52dc32900,E9_jmp,&LAB_52db0320,0x005C36CC,6,0x52DB0320,0x009F22E0,0x78E722E0
FUN_52dc32900,E9_jmp,0x544228,0x00544174,6,,,
FUN_52dc32900,E9_jmp,&LAB_52db11e0,0x00546C7C,5,0x52DB11E0,0x009F31A0,0x78E731A0
FUN_52dc32400,E8_call,FUN_52db2240,0x005474D4,5,0x52DB2240,0x009F4200,0x78E74200
FUN_52dc32900,E9_jmp,&LAB_52db1ea0,0x005471F8,5,0x52DB1EA0,0x009F3E60,0x78E73E60
FUN_52dc32900,E9_jmp,&LAB_52db1e80,0x005474E3,5,0x52DB1E80,0x009F3E40,0x78E73E40
FUN_52dc32400,E8_call,FUN_52db2240,0x004A9C0C,5,0x52DB2240,0x009F4200,0x78E74200
FUN_52dc32400,E8_call,FUN_52db2240,0x004A9D28,5,0x52DB2240,0x009F4200,0x78E74200
FUN_52dc32900,E9_jmp,&LAB_52db0db0,0x0063EA8D,5,0x52DB0DB0,0x009F2D70,0x78E72D70
FUN_52dc32900,E9_jmp,&LAB_52db2320,0x00836E8F,6,0x52DB2320,0x009F42E0,0x78E742E0
FUN_52dc32900,E9_jmp,&LAB_52db2310,0x00663784,5,0x52DB2310,0x009F42D0,0x78E742D0
FUN_52dc32900,E9_jmp,&LAB_52db22f0,0x00663BC9,8,0x52DB22F0,0x009F42B0,0x78E742B0
FUN_52dc32900,E9_jmp,&LAB_52db22d0,0x00663C13,8,0x52DB22D0,0x009F4290,0x78E74290
FUN_52dc32400,E8_call,FUN_52db09a0,0x0072E6F5,5,0x52DB09A0,0x009F2960,0x78E72960
FUN_52dc32400,E8_call,&LAB_52db0980,0x00660992,5,0x52DB0980,0x009F2940,0x78E72940
FUN_52dc32900,E9_jmp,&LAB_52db0840,0x0080616E,7,0x52DB0840,0x009F2800,0x78E72800
FUN_52dc32400,E8_call,FUN_52db36f0,0x005A15B2,5,0x52DB36F0,0x009F56B0,0x78E756B0
FUN_52dc32400,E8_call,FUN_52db36f0,0x005A15C4,5,0x52DB36F0,0x009F56B0,0x78E756B0
FUN_52dc32400,E8_call,FUN_52db36d0,0x00594C86,5,0x52DB36D0,0x009F5690,0x78E75690
FUN_52dc32400,E8_call,FUN_52db36d0,0x00594C98,5,0x52DB36D0,0x009F5690,0x78E75690
FUN_52dc32900,E9_jmp,&LAB_52db3750,0x0082A827,6,0x52DB3750,0x009F5710,0x78E75710
FUN_52dc32400,E8_call,FUN_52db3800,0x0080EF00,5,0x52DB3800,0x009F57C0,0x78E757C0
FUN_52dc32400,E8_call,FUN_52db3800,0x0080F2D3,5,0x52DB3800,0x009F57C0,0x78E757C0
FUN_52dc32400,E8_call,FUN_52db3800,0x0080F732,5,0x52DB3800,0x009F57C0,0x78E757C0
FUN_52dc32400,E8_call,FUN_52db3800,0x0080FA4B,5,0x52DB3800,0x009F57C0,0x78E757C0
FUN_52dc32900,E9_jmp,&LAB_52db3f10,0x00815584,9,0x52DB3F10,0x009F5ED0,0x78E75ED0
FUN_52dc32400,E8_call,FUN_52db3ee0,0x0081557D,5,0x52DB3EE0,0x009F5EA0,0x78E75EA0
FUN_52dc32400,E8_call,FUN_52db3ee0,0x00828BD6,5,0x52DB3EE0,0x009F5EA0,0x78E75EA0
FUN_52dc32400,E8_call,FUN_52db3eb0,0x00828D6B,5,0x52DB3EB0,0x009F5E70,0x78E75E70
FUN_52dc32400,E8_call,FUN_52db3e70,0x00578A6F,5,0x52DB3E70,0x009F5E30,0x78E75E30
FUN_52dc32400,E8_call,FUN_52db4460,0x00579031,5,0x52DB4460,0x009F6420,0x78E76420
FUN_52dc32400,E8_call,FUN_52db44c0,0x005A6B8A,5,0x52DB44C0,0x009F6480,0x78E76480
FUN_52dc32400,E8_call,FUN_52db44c0,0x005A6B68,5,0x52DB44C0,0x009F6480,0x78E76480
FUN_52dc32400,E8_call,FUN_52db44c0,0x005A6B49,5,0x52DB44C0,0x009F6480,0x78E76480
FUN_52dc32400,E8_call,FUN_52db4400,0x0054E073,5,0x52DB4400,0x009F63C0,0x78E763C0
FUN_52dc32400,E8_call,FUN_52db43e0,0x005A77B7,5,0x52DB43E0,0x009F63A0,0x78E763A0
FUN_52dc32400,E8_call,FUN_52db44c0,0x005A7ED9,5,0x52DB44C0,0x009F6480,0x78E76480
FUN_52dc32400,E8_call,FUN_52db44e0,0x0052FB3D,5,0x52DB44E0,0x009F64A0,0x78E764A0
FUN_52dc32400,E8_call,FUN_52db44e0,0x0052FB1B,5,0x52DB44E0,0x009F64A0,0x78E764A0
FUN_52dc32400,E8_call,FUN_52db4380,0x0052F035,5,0x52DB4380,0x009F6340,0x78E76340
FUN_52dc32400,E8_call,FUN_52db43a0,0x0052EF94,5,0x52DB43A0,0x009F6360,0x78E76360
FUN_52dc32400,E8_call,FUN_52db44e0,0x0055B77D,5,0x52DB44E0,0x009F64A0,0x78E764A0
FUN_52dc32400,E8_call,FUN_52db44e0,0x0055926F,5,0x52DB44E0,0x009F64A0,0x78E764A0
FUN_52dc32400,E8_call,FUN_52db44e0,0x00558FA4,5,0x52DB44E0,0x009F64A0,0x78E764A0
FUN_52dc32400,E8_call,FUN_52db4540,0x00552F2F,5,0x52DB4540,0x009F6500,0x78E76500
FUN_52dc32400,E8_call,FUN_52db4500,0x0058A5B7,5,0x52DB4500,0x009F64C0,0x78E764C0
FUN_52dc32400,E8_call,FUN_52db4500,0x0054BC4E,5,0x52DB4500,0x009F64C0,0x78E764C0
FUN_52dc32400,E8_call,FUN_52db4540,0x0054B0F0,5,0x52DB4540,0x009F6500,0x78E76500
FUN_52dc32400,E8_call,FUN_52db4540,0x0054B0FF,5,0x52DB4540,0x009F6500,0x78E76500
FUN_52dc32400,E8_call,FUN_52db4540,0x0054B028,5,0x52DB4540,0x009F6500,0x78E76500
FUN_52dc32400,E8_call,FUN_52db4540,0x0054B037,5,0x52DB4540,0x009F6500,0x78E76500
FUN_52dc32400,E8_call,FUN_52db4430,0x0054E073,5,0x52DB4430,0x009F63F0,0x78E763F0
FUN_52dc32400,E8_call,FUN_52db4540,0x0054B6C1,5,0x52DB4540,0x009F6500,0x78E76500
FUN_52dc32400,E8_call,FUN_52db4500,0x0054AA26,5,0x52DB4500,0x009F64C0,0x78E764C0
FUN_52dc32400,E8_call,FUN_52db4500,0x0054A9EC,5,0x52DB4500,0x009F64C0,0x78E764C0
FUN_52dc32400,E8_call,FUN_52db4500,0x0054A9CD,5,0x52DB4500,0x009F64C0,0x78E764C0
FUN_52dc32400,E8_call,FUN_52db4540,0x0057BA35,5,0x52DB4540,0x009F6500,0x78E76500
FUN_52dc32400,E8_call,FUN_52db43c0,0x0057D1DD,5,0x52DB43C0,0x009F6380,0x78E76380
FUN_52dc32400,E8_call,FUN_52db4540,0x0057A041,5,0x52DB4540,0x009F6500,0x78E76500
FUN_52dc32400,E8_call,FUN_52db4540,0x0057A04C,5,0x52DB4540,0x009F6500,0x78E76500
FUN_52dc32400,E8_call,FUN_52db4540,0x0057AEB5,5,0x52DB4540,0x009F6500,0x78E76500
FUN_52dc32400,E8_call,FUN_52db4520,0x00573FC8,5,0x52DB4520,0x009F64E0,0x78E764E0
FUN_52dc32400,E8_call,FUN_52db4520,0x00573F7D,5,0x52DB4520,0x009F64E0,0x78E764E0
FUN_52dc32400,E8_call,FUN_52db4560,0x005768C5,5,0x52DB4560,0x009F6520,0x78E76520
FUN_52dc32400,E8_call,FUN_52db4560,0x005768F6,5,0x52DB4560,0x009F6520,0x78E76520
FUN_52dc32400,E8_call,FUN_52db4560,0x0056A85F,5,0x52DB4560,0x009F6520,0x78E76520
FUN_52dc32400,E8_call,FUN_52db4520,0x0056CE67,5,0x52DB4520,0x009F64E0,0x78E764E0
FUN_52dc32400,E8_call,FUN_52db4520,0x0056CE84,0,0x52DB4520,0x009F64E0,0x78E764E0
FUN_52dc32400,E8_call,FUN_52db4560,0x0056B1FB,5,0x52DB4560,0x009F6520,0x78E76520
FUN_52dc32400,E8_call,FUN_52db4560,0x0056B20A,5,0x52DB4560,0x009F6520,0x78E76520
FUN_52dc32900,E9_jmp,FUN_52db4bf0,0x0077A684,18,0x52DB4BF0,0x009F6BB0,0x78E76BB0
FUN_52dc32900,E9_jmp,FUN_52db4bd0,0x0077A698,25,0x52DB4BD0,0x009F6B90,0x78E76B90
FUN_52dc32900,E9_jmp,FUN_52db4bb0,0x0077A6B4,21,0x52DB4BB0,0x009F6B70,0x78E76B70
FUN_52dc32900,E9_jmp,FUN_52db4b90,0x0077A6CC,25,0x52DB4B90,0x009F6B50,0x78E76B50
FUN_52dc32900,E9_jmp,&LAB_52db5410,0x00624503,15,0x52DB5410,0x009F73D0,0x78E773D0
FUN_52dc32900,E9_jmp,&LAB_52db5440,0x0065D8CB,9,0x52DB5440,0x009F7400,0x78E77400
FUN_52dc32400,E8_call,FUN_52db5e80,0x00529CFB,5,0x52DB5E80,0x009F7E40,0x78E77E40
FUN_52dc32400,E8_call,FUN_52db5e80,0x00529427,5,0x52DB5E80,0x009F7E40,0x78E77E40
FUN_52dc32400,E8_call,&LAB_52db5e10,0x005284EA,5,0x52DB5E10,0x009F7DD0,0x78E77DD0
FUN_52dc32400,E8_call,&LAB_52db5e00,0x00528D2E,5,0x52DB5E00,0x009F7DC0,0x78E77DC0
FUN_52dc32900,E9_jmp,&LAB_52db8b50,0x005D2B98,5,0x52DB8B50,0x009FAB10,0x78E7AB10
FUN_52dc32900,E9_jmp,&LAB_52db8b30,0x0072D1CD,5,0x52DB8B30,0x009FAAF0,0x78E7AAF0
FUN_52dc32900,E9_jmp,&LAB_52db8af0,0x00726DAE,5,0x52DB8AF0,0x009FAAB0,0x78E7AAB0
FUN_52dc32900,E9_jmp,&LAB_52db8ad0,0x00726DA1,5,0x52DB8AD0,0x009FAA90,0x78E7AA90
FUN_52dc32900,E9_jmp,&LAB_52db8ab0,0x00726D81,5,0x52DB8AB0,0x009FAA70,0x78E7AA70
FUN_52dc32900,E9_jmp,&LAB_52db8a90,0x00726D64,5,0x52DB8A90,0x009FAA50,0x78E7AA50
FUN_52dc32900,E9_jmp,&LAB_52db8a70,0x00726D76,5,0x52DB8A70,0x009FAA30,0x78E7AA30
FUN_52dc32900,E9_jmp,&LAB_52db8a30,0x0072D30B,6,0x52DB8A30,0x009FA9F0,0x78E7A9F0
FUN_52dc32900,E9_jmp,&LAB_52db8a00,0x0072D304,5,0x52DB8A00,0x009FA9C0,0x78E7A9C0
FUN_52dc32900,E9_jmp,&LAB_52db89c0,0x0072D34E,5,0x52DB89C0,0x009FA980,0x78E7A980
FUN_52dc32900,E9_jmp,FUN_52db8ec0,0x007A60DC,14,0x52DB8EC0,0x009FAE80,0x78E7AE80
FUN_52dc32400,E8_call,FUN_52db8ff0,0x005E4DA8,5,0x52DB8FF0,0x009FAFB0,0x78E7AFB0
FUN_52dc32400,E8_call,FUN_52db8fc0,0x005E5510,5,0x52DB8FC0,0x009FAF80,0x78E7AF80
FUN_52dc32900,E9_jmp,&LAB_52db8f20,0x0070AE4F,26,0x52DB8F20,0x009FAEE0,0x78E7AEE0
FUN_52dc32400,E8_call,FUN_52db9230,0x007862F4,5,0x52DB9230,0x009FB1F0,0x78E7B1F0
FUN_52dc32400,E8_call,FUN_52db9200,0x0078635F,5,0x52DB9200,0x009FB1C0,0x78E7B1C0
FUN_52dc32400,E8_call,FUN_52db91a0,0x005E84FD,5,0x52DB91A0,0x009FB160,0x78E7B160
FUN_52dc32900,E9_jmp,&LAB_52db9140,0x005E8773,10,0x52DB9140,0x009FB100,0x78E7B100
FUN_52dc32400,E8_call,FUN_52db9080,0x00785169,5,0x52DB9080,0x009FB040,0x78E7B040
FUN_52dc32400,E8_call,FUN_52db9060,0x0070ADE1,5,0x52DB9060,0x009FB020,0x78E7B020
FUN_52dc32400,E8_call,FUN_52db90b0,0x0078515E,5,0x52DB90B0,0x009FB070,0x78E7B070
FUN_52dc32400,E8_call,FUN_52db90b0,0x0070AD5C,22,0x52DB90B0,0x009FB070,0x78E7B070
FUN_52dc32400,E8_call,FUN_52db90b0,0x0070F555,22,0x52DB90B0,0x009FB070,0x78E7B070
FUN_52dc32400,E8_call,FUN_52db90d0,0x0070AD18,5,0x52DB90D0,0x009FB090,0x78E7B090
FUN_52dc32400,E8_call,FUN_52db98c0,0x005886F7,5,0x52DB98C0,0x009FB880,0x78E7B880
FUN_52dc32900,E9_jmp,&LAB_52dba3e0,0x006B14F4,5,0x52DBA3E0,0x009FC3A0,0x78E7C3A0
FUN_52dc32900,E9_jmp,&LAB_52dbcad0,0x00778CC9,6,0x52DBCAD0,0x009FEA90,0x78E7EA90
FUN_52dc32900,E9_jmp,&LAB_52dbca20,0x00775927,5,0x52DBCA20,0x009FE9E0,0x78E7E9E0
FUN_52dc32900,E9_jmp,&LAB_52dbc9f0,0x0077597D,8,0x52DBC9F0,0x009FE9B0,0x78E7E9B0
FUN_52dc32900,E9_jmp,&LAB_52dbc9d0,0x00775657,5,0x52DBC9D0,0x009FE990,0x78E7E990
FUN_52dc32900,E9_jmp,&LAB_52dbc9a0,0x007757DB,8,0x52DBC9A0,0x009FE960,0x78E7E960
FUN_52dc32900,E9_jmp,&LAB_52dbc960,0x00778BEE,6,0x52DBC960,0x009FE920,0x78E7E920
FUN_52dc32900,E9_jmp,&LAB_52dbc920,0x007789CE,6,0x52DBC920,0x009FE8E0,0x78E7E8E0
FUN_52dc32900,E9_jmp,&LAB_52dbc8e0,0x007761BE,6,0x52DBC8E0,0x009FE8A0,0x78E7E8A0
FUN_52dc32900,E9_jmp,&LAB_52dbc8b0,0x0077636C,20,0x52DBC8B0,0x009FE870,0x78E7E870
FUN_52dc32900,E9_jmp,&LAB_52dbc870,0x00775E5F,6,0x52DBC870,0x009FE830,0x78E7E830
FUN_52dc32900,E9_jmp,&LAB_52dbc840,0x00775FD0,20,0x52DBC840,0x009FE800,0x78E7E800
FUN_52dc32900,E9_jmp,&LAB_52dbc800,0x00776021,6,0x52DBC800,0x009FE7C0,0x78E7E7C0
FUN_52dc32900,E9_jmp,&LAB_52dbc7d0,0x0077616D,20,0x52DBC7D0,0x009FE790,0x78E7E790
FUN_52dc32900,E9_jmp,&LAB_52dbc780,0x007744E2,5,0x52DBC780,0x009FE740,0x78E7E740
FUN_52dc32900,E9_jmp,FUN_52dbc710,0x0078B220,5,0x52DBC710,0x009FE6D0,0x78E7E6D0
FUN_52dc32900,E9_jmp,&LAB_52db97d0,0x005556A1,10,0x52DB97D0,0x009FB790,0x78E7B790
FUN_52dc32900,E9_jmp,&LAB_52dbf480,0x005E589B,7,0x52DBF480,0x00A01440,0x78E81440
FUN_52dc32900,E9_jmp,&LAB_52dbf460,0x005E592E,6,0x52DBF460,0x00A01420,0x78E81420
FUN_52dc32900,E9_jmp,&LAB_52dbfa10,0x005D4C2D,10,0x52DBFA10,0x00A019D0,0x78E819D0
FUN_52dc32900,E9_jmp,&LAB_52dbf920,0x005E14D3,19,0x52DBF920,0x00A018E0,0x78E818E0
FUN_52dc32900,E9_jmp,&LAB_52dbf8e0,0x005E1779,7,0x52DBF8E0,0x00A018A0,0x78E818A0
FUN_52dc32900,E9_jmp,&LAB_52dbf6e0,0x005E1E7A,5,0x52DBF6E0,0x00A016A0,0x78E816A0
FUN_52dc32900,E9_jmp,&LAB_52dbf6b0,0x005E1938,7,0x52DBF6B0,0x00A01670,0x78E81670
FUN_52dc32900,E9_jmp,&LAB_52dbf670,0x005D141D,7,0x52DBF670,0x00A01630,0x78E81630
FUN_52dc32900,E9_jmp,&LAB_52dbf650,0x005E267E,7,0x52DBF650,0x00A01610,0x78E81610
FUN_52dc32900,E9_jmp,&LAB_52dbf630,0x005E141E,7,0x52DBF630,0x00A015F0,0x78E815F0
FUN_52dc32900,E9_jmp,&LAB_52dc0610,0x005FBFE3,7,0x52DC0610,0x00A025D0,0x78E825D0
FUN_52dc32900,E9_jmp,&LAB_52dc2910,0x005E94C8,7,0x52DC2910,0x00A048D0,0x78E848D0
FUN_52dc32900,E9_jmp,&LAB_52dc28d0,0x005EE9EE,12,0x52DC28D0,0x00A04890,0x78E84890
FUN_52dc32900,E9_jmp,&LAB_52dc2510,0x005FEFEB,10,0x52DC2510,0x00A044D0,0x78E844D0
FUN_52dc32900,E9_jmp,&LAB_52dc24e0,0x005F833C,7,0x52DC24E0,0x00A044A0,0x78E844A0
FUN_52dc32900,E9_jmp,&LAB_52dc24a0,0x005FB317,7,0x52DC24A0,0x00A04460,0x78E84460
FUN_52dc32900,E9_jmp,&LAB_52dc0f00,0x005E7F4D,5,0x52DC0F00,0x00A02EC0,0x78E82EC0
FUN_52dc32900,E9_jmp,&LAB_52dbfce0,0x005C6FD7,5,0x52DBFCE0,0x00A01CA0,0x78E81CA0
FUN_52dc32900,E9_jmp,&LAB_52dbfb70,0x005FF95D,5,0x52DBFB70,0x00A01B30,0x78E81B30
FUN_52dc32900,E9_jmp,&LAB_52dbfbf0,0x005F4A19,6,0x52DBFBF0,0x00A01BB0,0x78E81BB0
FUN_52dc32900,E9_jmp,&LAB_52dbfbd0,0x005F485C,6,0x52DBFBD0,0x00A01B90,0x78E81B90
FUN_52dc32900,E9_jmp,&LAB_52dbfdf0,0x005E4F9C,5,0x52DBFDF0,0x00A01DB0,0x78E81DB0
FUN_52dc32900,E9_jmp,&LAB_52dbfda0,0x005E4EDD,8,0x52DBFDA0,0x00A01D60,0x78E81D60
FUN_52dc32900,E9_jmp,&LAB_52dbfd60,0x005E51B3,5,0x52DBFD60,0x00A01D20,0x78E81D20
FUN_52dc32900,E9_jmp,&LAB_52dbff40,0x005EE6FC,10,0x52DBFF40,0x00A01F00,0x78E81F00
FUN_52dc32900,E9_jmp,&LAB_52dc0350,0x005F21D8,6,0x52DC0350,0x00A02310,0x78E82310
FUN_52dc32900,E9_jmp,&LAB_52dc0330,0x005F20A1,5,0x52DC0330,0x00A022F0,0x78E822F0
FUN_52dc32900,E9_jmp,&LAB_52dc0070,0x005E6F01,8,0x52DC0070,0x00A02030,0x78E82030
FUN_52dc32900,E9_jmp,&LAB_52dc0050,0x005E6DFA,6,0x52DC0050,0x00A02010,0x78E82010
FUN_52dc32900,E9_jmp,&LAB_52dc0030,0x005E7002,7,0x52DC0030,0x00A01FF0,0x78E81FF0
FUN_52dc32900,E9_jmp,&LAB_52dc04d0,0x005FC1E3,10,0x52DC04D0,0x00A02490,0x78E82490
FUN_52dc32900,E9_jmp,&LAB_52dc0550,0x005E98D1,10,0x52DC0550,0x00A02510,0x78E82510
FUN_52dc32900,E9_jmp,&LAB_52dc0680,0x005EFACC,26,0x52DC0680,0x00A02640,0x78E82640
FUN_52dc32900,E9_jmp,&LAB_52dc0760,0x005FDB76,5,0x52DC0760,0x00A02720,0x78E82720
FUN_52dc32900,E9_jmp,&LAB_52dc0740,0x005D55C9,6,0x52DC0740,0x00A02700,0x78E82700
FUN_52dc32900,E9_jmp,&LAB_52dc0720,0x005D3CBE,6,0x52DC0720,0x00A026E0,0x78E826E0
FUN_52dc32900,E9_jmp,&LAB_52dc0eb0,0x005FA449,10,0x52DC0EB0,0x00A02E70,0x78E82E70
FUN_52dc32900,E9_jmp,&LAB_52dc0e80,0x005FA25B,10,0x52DC0E80,0x00A02E40,0x78E82E40
FUN_52dc32900,E9_jmp,&LAB_52dc1020,0x005F2810,6,0x52DC1020,0x00A02FE0,0x78E82FE0
FUN_52dc32900,E9_jmp,&LAB_52dc1450,0x005EEDEE,31,0x52DC1450,0x00A03410,0x78E83410
FUN_52dc32900,E9_jmp,&LAB_52dc1890,0x005FAACD,68,0x52DC1890,0x00A03850,0x78E83850
FUN_52dc32900,E9_jmp,&LAB_52dc1710,0x005FA80A,6,0x52DC1710,0x00A036D0,0x78E836D0
FUN_52dc32900,E9_jmp,&LAB_52dc1550,0x005EF461,7,0x52DC1550,0x00A03510,0x78E83510
FUN_52dc32900,E9_jmp,&LAB_52dc16f0,0x005FA842,6,0x52DC16F0,0x00A036B0,0x78E836B0
FUN_52dc32900,E9_jmp,&LAB_52dc1990,0x005EC418,10,0x52DC1990,0x00A03950,0x78E83950
FUN_52dc32900,E9_jmp,&LAB_52dc2090,0x005F54BA,10,0x52DC2090,0x00A04050,0x78E84050
FUN_52dc32900,E9_jmp,&LAB_52dc2040,0x005F527C,11,0x52DC2040,0x00A04000,0x78E84000
FUN_52dc32900,E9_jmp,&LAB_52dc2410,0x005F4773,18,0x52DC2410,0x00A043D0,0x78E843D0
FUN_52dc32900,E9_jmp,&LAB_52dc2790,0x005F9BEC,6,0x52DC2790,0x00A04750,0x78E84750
FUN_52dc32900,E9_jmp,&LAB_52dc2850,0x005F3A3F,7,0x52DC2850,0x00A04810,0x78E84810
FUN_52dc32400,E8_call,&LAB_52dc4230,0x0047518B,5,0x52DC4230,0x00A061F0,0x78E861F0
FUN_52dc32900,E9_jmp,&LAB_52dc3f50,0x0040E711,5,0x52DC3F50,0x00A05F10,0x78E85F10
FUN_52dc32900,E9_jmp,&LAB_52dc3f70,0x0040E759,5,0x52DC3F70,0x00A05F30,0x78E85F30
FUN_52dc32900,E9_jmp,&LAB_52dc4690,0x006C1C2D,73,0x52DC4690,0x00A06650,0x78E86650
FUN_52dc32900,E9_jmp,&LAB_52dc4660,0x0046EB20,61,0x52DC4660,0x00A06620,0x78E86620
FUN_52dc32900,E9_jmp,&LAB_52dc45f0,0x00401E3E,15,0x52DC45F0,0x00A065B0,0x78E865B0
FUN_52dc32900,E9_jmp,&LAB_52dc4740,0x00413B7F,5,0x52DC4740,0x00A06700,0x78E86700
FUN_52dc32400,E8_call,&LAB_52dc4720,0x00413C38,6,0x52DC4720,0x00A066E0,0x78E866E0
FUN_52dc32400,E8_call,&LAB_52dc4700,0x00413CD8,6,0x52DC4700,0x00A066C0,0x78E866C0
FUN_52dc32400,E8_call,&LAB_52dc46e0,0x00413CF0,5,0x52DC46E0,0x00A066A0,0x78E866A0
FUN_52dc32400,E8_call,&LAB_52dc46c0,0x0040216C,5,0x52DC46C0,0x00A06680,0x78E86680
FUN_52dc32400,E8_call,&LAB_52dc46c0,0x00401842,5,0x52DC46C0,0x00A06680,0x78E86680
FUN_52dc32900,E9_jmp,&LAB_52dc3d80,0x00412661,5,0x52DC3D80,0x00A05D40,0x78E85D40
FUN_52dc32900,E9_jmp,&LAB_52dc3d70,0x004126A7,5,0x52DC3D70,0x00A05D30,0x78E85D30
FUN_52dc32400,E8_call,FUN_52dc37a0,0x004822C1,5,0x52DC37A0,0x00A05760,0x78E85760
FUN_52dc32400,E8_call,&LAB_52dc3750,0x0081DEC5,5,0x52DC3750,0x00A05710,0x78E85710
FUN_52dc32900,E9_jmp,FUN_52dc5ae0,0x007AB554,7,0x52DC5AE0,0x00A07AA0,0x78E87AA0
FUN_52dc32400,E8_call,FUN_52dc4f60,0x0078A300,5,0x52DC4F60,0x00A06F20,0x78E86F20
FUN_52dc32400,E8_call,&LAB_52dc57c0,0x0072FF14,5,0x52DC57C0,0x00A07780,0x78E87780
FUN_52dc32900,E9_jmp,FUN_52dc6cc0,0x007ABAA5,7,0x52DC6CC0,0x00A08C80,0x78E88C80
FUN_52dc32900,E9_jmp,FUN_52dc6be0,0x007AC1A0,5,0x52DC6BE0,0x00A08BA0,0x78E88BA0
FUN_52dc32900,E9_jmp,&LAB_52dc6aa0,0x0071D79B,8,0x52DC6AA0,0x00A08A60,0x78E88A60
FUN_52dc32900,E9_jmp,&LAB_52dc6a80,0x0071D7F5,8,0x52DC6A80,0x00A08A40,0x78E88A40
FUN_52dc32900,E9_jmp,&LAB_52dc6a60,0x0072CD22,5,0x52DC6A60,0x00A08A20,0x78E88A20
FUN_52dc32900,E9_jmp,&LAB_52dc6a40,0x0073016A,5,0x52DC6A40,0x00A08A00,0x78E88A00
FUN_52dc32900,E9_jmp,&LAB_52dc6a20,0x00730542,8,0x52DC6A20,0x00A089E0,0x78E889E0
FUN_52dc32900,E9_jmp,&LAB_52dc6a00,0x007306E8,8,0x52DC6A00,0x00A089C0,0x78E889C0
FUN_52dc32900,E9_jmp,&LAB_52dceb40,0x0073A0F6,7,0x52DCEB40,0x00A10B00,0x78E90B00
FUN_52dc32900,E9_jmp,&LAB_52dceb90,0x0079BD1C,41,0x52DCEB90,0x00A10B50,0x78E90B50
FUN_52dc32900,E9_jmp,&LAB_52dcee10,0x00798441,7,0x52DCEE10,0x00A10DD0,0x78E90DD0
FUN_52dc32900,E9_jmp,&LAB_52dcee00,0x0079B030,7,0x52DCEE00,0x00A10DC0,0x78E90DC0
FUN_52dc32900,E9_jmp,&LAB_52dcedf0,0x007983E7,7,0x52DCEDF0,0x00A10DB0,0x78E90DB0
FUN_52dc32900,E9_jmp,&LAB_52dcede0,0x0079AFAA,7,0x52DCEDE0,0x00A10DA0,0x78E90DA0
FUN_52dc32900,E9_jmp,&LAB_52dcedd0,0x0079AEF3,7,0x52DCEDD0,0x00A10D90,0x78E90D90
FUN_52dc32900,E9_jmp,&LAB_52dcedc0,0x0079A992,7,0x52DCEDC0,0x00A10D80,0x78E90D80
FUN_52dc32400,E8_call,FUN_52dce9e0,0x0079809A,5,0x52DCE9E0,0x00A109A0,0x78E909A0
FUN_52dc32900,E9_jmp,&LAB_52dcf070,0x00731E4C,7,0x52DCF070,0x00A11030,0x78E91030
FUN_52dc32900,E9_jmp,&LAB_52dcf030,0x00731BB9,6,0x52DCF030,0x00A10FF0,0x78E90FF0
FUN_52dc32900,E9_jmp,&LAB_52dd0410,0x0071AAD1,12,0x52DD0410,0x00A123D0,0x78E923D0
FUN_52dc32900,E9_jmp,&LAB_52dd03e0,0x00689343,6,0x52DD03E0,0x00A123A0,0x78E923A0
FUN_52dc32400,E8_call,FUN_52dd0370,0x007925A1,5,0x52DD0370,0x00A12330,0x78E92330
FUN_52dc32400,E8_call,FUN_52dd0370,0x00790CED,5,0x52DD0370,0x00A12330,0x78E92330
FUN_52dc32400,E8_call,&LAB_52dd1100,0x00736E47,10,0x52DD1100,0x00A130C0,0x78E930C0
FUN_52dc32400,E8_call,&LAB_52dd10f0,0x00736E61,5,0x52DD10F0,0x00A130B0,0x78E930B0
FUN_52dc32400,E8_call,&LAB_52dd1100,0x00736F4B,10,0x52DD1100,0x00A130C0,0x78E930C0
FUN_52dc32400,E8_call,&LAB_52dd10f0,0x00736F68,5,0x52DD10F0,0x00A130B0,0x78E930B0
FUN_52dc32400,E8_call,&LAB_52dd1100,0x00736B4F,10,0x52DD1100,0x00A130C0,0x78E930C0
FUN_52dc32400,E8_call,&LAB_52dd10f0,0x00736B69,5,0x52DD10F0,0x00A130B0,0x78E930B0
FUN_52dc32400,E8_call,&LAB_52dd1100,0x00736C53,10,0x52DD1100,0x00A130C0,0x78E930C0
FUN_52dc32400,E8_call,&LAB_52dd10f0,0x00736C70,5,0x52DD10F0,0x00A130B0,0x78E930B0
FUN_52dc32900,E9_jmp,&LAB_52dd1200,0x007C0C6C,6,0x52DD1200,0x00A131C0,0x78E931C0
FUN_52dc32900,E9_jmp,&LAB_52dd11e0,0x007C0EF8,6,0x52DD11E0,0x00A131A0,0x78E931A0
FUN_52dc32900,E9_jmp,&LAB_52dd11c0,0x007C09FC,6,0x52DD11C0,0x00A13180,0x78E93180
FUN_52dc32900,E9_jmp,&LAB_52dd11a0,0x007C0768,6,0x52DD11A0,0x00A13160,0x78E93160
FUN_52dc32900,E9_jmp,&LAB_52dd1180,0x007C04F4,6,0x52DD1180,0x00A13140,0x78E93140
FUN_52dc32900,E9_jmp,&LAB_52dd1230,0x00687D1A,6,0x52DD1230,0x00A131F0,0x78E931F0
FUN_52dc32900,E9_jmp,&LAB_52dd1290,0x006CA548,8,0x52DD1290,0x00A13250,0x78E93250
FUN_52dc32400,E8_call,FUN_52dd4f70,0x0066E001,5,0x52DD4F70,0x00A16F30,0x78E96F30
FUN_52dc32400,E8_call,FUN_52dd19e0,0x0078237F,5,0x52DD19E0,0x00A139A0,0x78E939A0
FUN_52dc32900,E9_jmp,FUN_52dd12e0,0x00708238,6,0x52DD12E0,0x00A132A0,0x78E932A0
FUN_52dc32400,E8_call,FUN_52dd1d90,0x0043E783,5,0x52DD1D90,0x00A13D50,0x78E93D50
FUN_52dc32900,E9_jmp,&LAB_52dd1df0,0x0068AA41,6,0x52DD1DF0,0x00A13DB0,0x78E93DB0
FUN_52dc32400,E8_call,FUN_52dd2a90,0x0083A948,5,0x52DD2A90,0x00A14A50,0x78E94A50
FUN_52dc32400,E8_call,FUN_52dd2a30,0x007537FC,5,0x52DD2A30,0x00A149F0,0x78E949F0
FUN_52dc32400,E8_call,FUN_52dd2a10,0x007915E1,5,0x52DD2A10,0x00A149D0,0x78E949D0
FUN_52dc32400,E8_call,FUN_52dd2880,0x00790E16,5,0x52DD2880,0x00A14840,0x78E94840
FUN_52dc32400,E8_call,FUN_52dd40f0,0x0074B6DD,5,0x52DD40F0,0x00A160B0,0x78E960B0
FUN_52dc32400,E8_call,&LAB_52dd4050,0x0074B5A7,5,0x52DD4050,0x00A16010,0x78E96010
FUN_52dc32900,E9_jmp,&LAB_52dd4220,0x0083EE2A,9,0x52DD4220,0x00A161E0,0x78E961E0
FUN_52dc32900,E9_jmp,&LAB_52dd41c0,0x0083EE54,0,0x52DD41C0,0x00A16180,0x78E96180
FUN_52dc32400,E8_call,FUN_52dd5040,0x005C9BAB,5,0x52DD5040,0x00A17000,0x78E97000
FUN_52dc32400,E8_call,FUN_52dd6370,0x006CBA28,5,0x52DD6370,0x00A18330,0x78E98330
FUN_52dc32400,E8_call,FUN_52dd63b0,0x004DD734,5,0x52DD63B0,0x00A18370,0x78E98370
FUN_52dc32400,E8_call,FUN_52dd63b0,0x004DC211,5,0x52DD63B0,0x00A18370,0x78E98370
FUN_52dc32400,E8_call,FUN_52de5f60,0x0077FDFD,5,0x52DE5F60,0x00A27F20,0x78EA7F20
FUN_52dc32400,E8_call,FUN_52de5e60,0x007BCCDA,5,0x52DE5E60,0x00A27E20,0x78EA7E20
FUN_52dc32400,E8_call,FUN_52de5e60,0x007BD3A0,5,0x52DE5E60,0x00A27E20,0x78EA7E20
